Title,Date,Views
"Survive 100 Days Trapped, Win $500,000",2023-12-16T17:00:01Z,62605145
"Feeding A Dog $1 vs $10,000 Steak",2023-12-14T18:00:00Z,38249343
Could You Walk Up A Skyscraper?,2023-12-05T18:00:00Z,52526064
"$10,000 Every Day You Survive In A Grocery Store",2023-12-02T17:00:00Z,132236953
"$1 vs $10,000,000 Job!",2023-11-25T17:00:00Z,108637202
I Spent 7 Days Buried Alive,2023-11-18T17:00:01Z,113744859
I Gave Away A House On Halloween,2023-11-10T18:00:00Z,105966167
Giving Car Keys Instead Of Candy On Halloween,2023-11-09T18:00:00Z,111084168
I Built 100 Wells In Africa,2023-11-04T16:00:00Z,131300889
"Furthest Away From Me Wins $10,000",2023-11-02T17:00:03Z,142228600
